<?xml version="1.0" encoding="utf-8"?>                                                       
    <!DOCTYPE yml_catalog SYSTEM "shops.dtd">
    <yml_catalog date="2023-05-18T12:04:12">
    <shop>
            <name>ООО Курс</name>
            <company>ООО Курс</company>
            <url>https://kurs-peskostrui.ru</url>
            <platform>InSales</platform>
            <currencies>            
                <currency id="RUB" rate="1.0"  />            
            </currencies>
            <categories>
                <category id="20177898">Каталог</category>
<category id="21070848" parentId="21070783">Сопла для пескоструйного аппарата</category>
<category id="21104808" parentId="21070783">Рукава для пескоструйного оборудования</category>
<category id="21104809" parentId="21070783">Соединения</category>
<category id="21424153" parentId="21070783">Спецодежда и СИЗ для пескоструйных работ</category>
<category id="21647453" parentId="21070783">Затворы, дозаторы</category>
<category id="21647521" parentId="21070783">Дистанционное управление аппаратом</category>
<category id="21758365" parentId="21070783">Перчатки для пескоструйной камеры</category>
<category id="21861263" parentId="21070783">Фильтры</category>
<category id="21864659" parentId="21070783">Пистолет инжекторный пескоструйный</category>
<category id="21928394" parentId="20177898">Пескоструйный комплект</category>
<category id="20749683" parentId="20177898">Пескоструйные аппараты</category>
<category id="20823424" parentId="20177898">Пескоструйные камеры</category>
<category id="20843633" parentId="20177898">Промышленные винтовые компрессоры</category>
<category id="22078687" parentId="20177898">Обитаемая дробеструйная камера</category>
<category id="23689244" parentId="20177898">Воздушные ресиверы и осушители</category>
<category id="21070783" parentId="20177898">Комплектующие</category>
<category id="20824773" parentId="20177898">Системы сбора и рекуперации абразива</category>
<category id="21148057" parentId="20177898">Очистка воздуха</category>
<category id="21150864" parentId="20177898">Строительное оборудование</category>

            </categories>        
            <offers>
                <offer type="vendor.model" available="true" id="290760943430" >       
        <url>https://kurs-peskostrui.ru/collection/peskostruynye-apparaty/product/peskostruynyy-apparat-pst-25-Kurs</url>
        <price>55900.00</price>
        <currencyId>RUB</currencyId>
        <categoryId>20749683</categoryId> 
        <picture>https://static.insales-cdn.com/images/products/1/5129/579802121/large_peskostrujnyj-apparat-25-kurs-1.jpg</picture>
<picture>https://static.insales-cdn.com/images/products/1/5130/579802122/large_peskostrujnyj-apparat-25-kurs-2.jpg</picture>
<picture>https://static.insales-cdn.com/images/products/1/5131/579802123/large_peskostrujnyj-apparat-25-kurs-3.jpg</picture>
<picture>https://static.insales-cdn.com/images/products/1/5132/579802124/large_peskostrujnyj-apparat-25-kurs-4.jpg</picture>
<picture>https://static.insales-cdn.com/images/products/1/5133/579802125/large_peskostrujnyj-apparat-25-kurs-5.jpg</picture>
                      
        <store>false</store>
        <pickup>true</pickup>
        <delivery>true</delivery>
        <vendor>PST</vendor>
        <model>Пескоструйный аппарат PST-25</model>
        <description>Купить пескоструйный аппарат PST 25 литров  Профессиональный подбор пескоструйных установок и комплектующих. Собственное производство.  Доставка по России, СНГ, ЕАЭС.
            Применение
Напорный пескоструйный аппарат PST-25 по назначению и параметрам аналогичен абразивоструйным установкам брендов Contracor, DBS, Razor, DSG, DSMG, АСО, Clemco, Zitrek. Установки PST применяются для пескоструйной очистки с высокой скоростью, воздушно-пескоструйным способом внутренних и наружных поверхностей деталей, фасадов, стен. Пескоструйные установки незаменимы, когда нужно обезжирить поверхность перед последующим покрытием, убрать с обрабатываемой поверхности устаревшие загрязнения, ржавчину, оксидную окалину, прокатную окалину, шлак после дуговой сварки, остатки краски, нагар, солевые отложения, строительные смеси и битум.В зависимости от технической задачи выбирают различную фракцию абразива, чтобы путем обработки поверхности пескоструйным оборудованием достичь требуемый результат: глянцевость, матовость, шероховатость.
После пескоструйной обработки очищаются самые мелкие поры и трещины, однако при этом пескоструй не оставляет царапин, которые могут оставаться после применения щеток и наждачной бумаги. Подготовленная с помощью пескоструя поверхность дольше удерживает краску, грунтовку, а сам декоративный слой выглядит качественнее и эффектнее, чего нельзя достичь никаким другим инструментом для обработки поверхности.
Температурные условия

Сосуд под давлением: в установке рабочая температура от 40 до  40C.
Расчетная температура стенки сосуда до  100C.
Рекомендуемая температура работы установки от  1 до  40C.

Абразив
С нашими аппаратами могут использоваться любые виды абразива фракцией от 0,3 до 4,0 мм: песок, купершлак, никельшлак, электрокорунд, дробь стальная, чугунная, стеклянная и т. д. Важно, чтобы абразив был сухой, сыпучий, просеянный.
Дозаторы
С пескоструйными бочками в начальной комплектации, с фильтром и с КПДУ мы рекомендуем использовать дозаторы для практичного дозирования расхода абразива двух типов:

Шиберный затвор для песчаных абразивов электрокорунда, песка, купершлака и т. д..
Универсальный затвор можно использовать с абсолютно любыми абразивами, рекомендуется для дроби чугунной стальной и др. 

Расход абразивного материала и воздуха
Расход абразива и воздуха зависит от диаметра пескоструйного сопла и давления воздуха в форсунке. Данное соответствие представлено в таблице ниже.




Диаметрсопла


Давление воздуха, кгс/см2




 


3,5


4,2


5,0


5,6


6,3


7,0


 




6


1,3
122


1,5
142


1,7
161


1,9
185


2,1
204


2,5
239


м3/мин
кг/час




8


2,2
213


2,5
243


2,9
275


3,3
305


3,6
336


4,2
409


м3/мин
кг/час




10


3,0
303


3,6
348


4,0
393


4,6
436


5,0
478


5,6
545


м3/мин
кг/час




12


4,9
488


5,7
562


6,6
626


73
643


8,1
715


8,9
900


м3/мин
кг/час





          </description> 
        </offer>
<offer type="vendor.model" available="true" id="29082076486" >       
        <url>https://kurs-peskostrui.ru/collection/peskostruynye-apparaty/product/peskostruynyy-apparat-pst-75-Kurs</url>
        <price>67328.00</price>
        <currencyId>RUB</currencyId>
        <categoryId>20749683</categoryId> 
        <picture>https://static.insales-cdn.com/images/products/1/621/530317933/large_75_л.png</picture>
<picture>https://static.insales-cdn.com/images/products/1/7227/532708411/large_apparat_75.png</picture>
<picture>https://static.insales-cdn.com/images/products/1/1241/532727001/large_75_фильтр.png</picture>
<picture>https://static.insales-cdn.com/images/products/1/3414/528223574/large_peskostruynaya-ustanovka-КСО-75-87.jpg</picture>
<picture>https://static.insales-cdn.com/images/products/1/6627/532724195/large_peskostruynaya-ustanovka-КСО-75-43.jpg</picture>
                      
        <store>false</store>
        <pickup>true</pickup>
        <delivery>true</delivery>
        <vendor>PST</vendor>
        <model>Пескоструйный аппарат PST-75</model>
        <description>Пескоструйный аппарат PST-75  Профессиональный подбор пескоструйных установок и комплектующих в интернет-магазине Курс.  Доставка по России, СНГ, ЕАЭС. Российский аналог Contracor, DBS, Razor, DSG, DSMG, АСО, Clemco, Zitrek.
            Применение
Напорный пескоструйный аппарат PST-75 по назначению и параметрам аналогичен абразивоструйным установкам брендов Contracor, DBS, Razor, DSG, DSMG, АСО, Clemco, Zitrek. Установки PST применяются для пескоструйной очистки с высокой скоростью, воздушно-пескоструйным способом внутренних и наружных поверхностей деталей, фасадов, стен. Пескоструйные установки незаменимы, когда нужно обезжирить поверхность перед последующим покрытием, убрать с обрабатываемой поверхности устаревшие загрязнения, ржавчину, оксидную окалину, прокатную окалину, шлак после дуговой сварки, остатки краски, нагар, солевые отложения, строительные смеси и битум.В зависимости от технической задачи выбирают различную фракцию абразива, чтобы путем обработки поверхности пескоструйным оборудованием достичь требуемый результат: глянцевость, матовость, шероховатость.
После пескоструйной обработки очищаются самые мелкие поры и трещины, однако при этом пескоструй не оставляет царапин, которые могут оставаться после применения щеток и наждачной бумаги. Подготовленная с помощью пескоструя поверхность дольше удерживает краску, грунтовку, а сам декоративный слой выглядит качественнее и эффектнее, чего нельзя достичь никаким другим инструментом для обработки поверхности.
Температурные условия

Сосуд под давлением: в установке рабочая температура от 40 до  40C.
Расчетная температура стенки сосуда до  100C.
Рекомендуемая температура работы установки от  1 до  40C.

Абразив
С нашими аппаратами могут использоваться любые виды абразива фракцией от 0,3 до 4,0 мм: песок, купершлак, никельшлак, электрокорунд, дробь стальная, чугунная, стеклянная и т. д. Важно, чтобы абразив был сухой, сыпучий, просеянный.
Дозаторы
С пескоструйными бочками в начальной комплектации, с фильтром и с КПДУ мы рекомендуем использовать дозаторы для практичного дозирования расхода абразива двух типов:

Шиберный затвор для песчаных абразивов электрокорунда, песка, купершлака и т. д..
Универсальный затвор можно использовать с абсолютно любыми абразивами, рекомендуется для дроби чугунной стальной и др. 

Расход абразивного материала и воздуха
Расход абразива и воздуха зависит от диаметра пескоструйного сопла и давления воздуха в форсунке. Данное соответствие представлено в таблице ниже.




Диаметрсопла


Давление воздуха, кгс/см2




 


3,5


4,2


5,0


5,6


6,3


7,0


 




6


1,3
122


1,5
142


1,7
161


1,9
185


2,1
204


2,5
239


м3/мин
кг/час




8


2,2
213


2,5
243


2,9
275


3,3
305


3,6
336


4,2
409


м3/мин
кг/час




10


3,0
303


3,6
348


4,0
393


4,6
436


5,0
478


5,6
545


м3/мин
кг/час




12


4,9
488


5,7
562


6,6
626


73
643


8,1
715


8,9
900


м3/мин
кг/час




          </description> 
        </offer>
<offer type="vendor.model" available="true" id="290820774700" >       
        <url>https://kurs-peskostrui.ru/collection/peskostruynye-apparaty/product/peskostruynyy-apparat-pst-100-Kurs</url>
        <price>77248.00</price>
        <currencyId>RUB</currencyId>
        <categoryId>20749683</categoryId> 
        <picture>https://static.insales-cdn.com/images/products/1/700/530318012/large_100_л.png</picture>
<picture>https://static.insales-cdn.com/images/products/1/4872/532820744/large_apparat_100.png</picture>
<picture>https://static.insales-cdn.com/images/products/1/3879/532778791/large_100_фильтр.png</picture>
<picture>https://static.insales-cdn.com/images/products/1/1917/532760445/large_pst-100-peskostruynaya-ustanovka-74.jpg</picture>
<picture>https://static.insales-cdn.com/images/products/1/2355/532760883/large_pst-100-peskostruynaya-ustanovka-62.jpg</picture>
                      
        <store>false</store>
        <pickup>true</pickup>
        <delivery>true</delivery>
        <vendor>PST</vendor>
        <model>Пескоструйный аппарат PST-100</model>
        <description>Купить пескоструйный аппарат PST 100 литров.  Профессиональный подбор пескоструйных установок и комплектующих в  интернет-магазине Курс.  Доставка по России, СНГ, ЕАЭС. Российский аналог аппаратам Contracor, DBS, Razor, DSG, DSMG, АСО, Clemco, Zitrek.
            Применение
Напорный пескоструйный аппарат PST-100 по назначению и параметрам аналогичен абразивоструйным установкам брендов Contracor, DBS, Razor, DSG, DSMG, АСО, Clemco, Zitrek. Установки PST применяются для пескоструйной очистки с высокой скоростью, воздушно-пескоструйным способом внутренних и наружных поверхностей деталей, фасадов, стен. Пескоструйные установки незаменимы, когда нужно обезжирить поверхность перед последующим покрытием, убрать с обрабатываемой поверхности устаревшие загрязнения, ржавчину, оксидную окалину, прокатную окалину, шлак после дуговой сварки, остатки краски, нагар, солевые отложения, строительные смеси и битум.В зависимости от технической задачи выбирают различную фракцию абразива, чтобы путем обработки поверхности пескоструйным оборудованием достичь требуемый результат: глянцевость, матовость, шероховатость.
После пескоструйной обработки очищаются самые мелкие поры и трещины, однако при этом пескоструй не оставляет царапин, которые могут оставаться после применения щеток и наждачной бумаги. Подготовленная с помощью пескоструя поверхность дольше удерживает краску, грунтовку, а сам декоративный слой выглядит качественнее и эффектнее, чего нельзя достичь никаким другим инструментом для обработки поверхности.
Температурные условия

Сосуд под давлением: в установке рабочая температура от 40 до  40C.
Расчетная температура стенки сосуда до  100C.
Рекомендуемая температура работы установки от  1 до  40C.

Абразив
С нашими аппаратами могут использоваться любые виды абразива фракцией от 0,3 до 4,0 мм: песок, купершлак, никельшлак, электрокорунд, дробь стальная, чугунная, стеклянная и т. д. Важно, чтобы абразив был сухой, сыпучий, просеянный.
Дозаторы
С пескоструйными бочками в начальной комплектации, с фильтром и с КПДУ мы рекомендуем использовать дозаторы для практичного дозирования расхода абразива двух типов:

Шиберный затвор для песчаных абразивов электрокорунда, песка, купершлака и т. д..
Универсальный затвор можно использовать с абсолютно любыми абразивами, рекомендуется для дроби чугунной стальной и др. 

Расход абразивного материала и воздуха
Расход абразива и воздуха зависит от диаметра пескоструйного сопла и давления воздуха в форсунке. Данное соответствие представлено в таблице ниже.




Диаметрсопла


Давление воздуха, кгс/см2




 


3,5


4,2


5,0


5,6


6,3


7,0


 




6


1,3
122


1,5
142


1,7
161


1,9
185


2,1
204


2,5
239


м3/мин
кг/час




8


2,2
213


2,5
243


2,9
275


3,3
305


3,6
336


4,2
409


м3/мин
кг/час




10


3,0
303


3,6
348


4,0
393


4,6
436


5,0
478


5,6
545


м3/мин
кг/час




12


4,9
488


5,7
562


6,6
626


73
643


8,1
715


8,9
900


м3/мин
кг/час





          </description> 
        </offer>
<offer type="vendor.model" available="true" id="290820784990" >       
        <url>https://kurs-peskostrui.ru/collection/peskostruynye-apparaty/product/peskostruynyy-apparat-pst-160-Kurs</url>
        <price>91455.00</price>
        <currencyId>RUB</currencyId>
        <categoryId>20749683</categoryId> 
        <picture>https://static.insales-cdn.com/images/products/1/2428/530884988/large_160_л.png</picture>
<picture>https://static.insales-cdn.com/images/products/1/3817/532819689/large_apparat_160.png</picture>
<picture>https://static.insales-cdn.com/images/products/1/3440/532819312/large_vlagomaslootdelitel-71.jpg</picture>
<picture>https://static.insales-cdn.com/images/products/1/3488/532819360/large_vlagomaslootdelitel-101.jpg</picture>
<picture>https://static.insales-cdn.com/images/products/1/3536/532819408/large_KPDU_Kurs_3.jpg</picture>
                      
        <store>false</store>
        <pickup>true</pickup>
        <delivery>true</delivery>
        <vendor>PST</vendor>
        <model>Пескоструйный аппарат PST-160</model>
        <description>Купить пескоструйный аппарат PST 160 литров.  Профессиональный подбор пескоструйных установок и комплектующих в  интернет-магазине Курс.  Доставка по России, СНГ, ЕАЭС. Российский аналог аппаратам Contracor, DBS, Razor, DSG, DSMG, АСО, Clemco, Zitrek.
            Применение
Напорный пескоструйный аппарат PST-25 по назначению и параметрам аналогичен абразивоструйным установкам брендов Contracor, DBS, Razor, DSG, DSMG, АСО, Clemco, Zitrek. Установки PST применяются для пескоструйной очистки с высокой скоростью, воздушно-пескоструйным способом внутренних и наружных поверхностей деталей, фасадов, стен. Пескоструйные установки незаменимы, когда нужно обезжирить поверхность перед последующим покрытием, убрать с обрабатываемой поверхности устаревшие загрязнения, ржавчину, оксидную окалину, прокатную окалину, шлак после дуговой сварки, остатки краски, нагар, солевые отложения, строительные смеси и битум.В зависимости от технической задачи выбирают различную фракцию абразива, чтобы путем обработки поверхности пескоструйным оборудованием достичь требуемый результат: глянцевость, матовость, шероховатость.
После пескоструйной обработки очищаются самые мелкие поры и трещины, однако при этом пескоструй не оставляет царапин, которые могут оставаться после применения щеток и наждачной бумаги. Подготовленная с помощью пескоструя поверхность дольше удерживает краску, грунтовку, а сам декоративный слой выглядит качественнее и эффектнее, чего нельзя достичь никаким другим инструментом для обработки поверхности.
Температурные условия

Сосуд под давлением: в установке рабочая температура от 40 до  40C.
Расчетная температура стенки сосуда до  100C.
Рекомендуемая температура работы установки от  1 до  40C.

Абразив
С нашими аппаратами могут использоваться любые виды абразива фракцией от 0,3 до 4,0 мм: песок, купершлак, никельшлак, электрокорунд, дробь стальная, чугунная, стеклянная и т. д. Важно, чтобы абразив был сухой, сыпучий, просеянный.
Дозаторы
С пескоструйными бочками в начальной комплектации, с фильтром и с КПДУ мы рекомендуем использовать дозаторы для практичного дозирования расхода абразива двух типов:

Шиберный затвор для песчаных абразивов электрокорунда, песка, купершлака и т. д..
Универсальный затвор можно использовать с абсолютно любыми абразивами, рекомендуется для дроби чугунной стальной и др. 

Расход абразивного материала и воздуха
Расход абразива и воздуха зависит от диаметра пескоструйного сопла и давления воздуха в форсунке. Данное соответствие представлено в таблице ниже.




Диаметрсопла


Давление воздуха, кгс/см2




 


3,5


4,2


5,0


5,6


6,3


7,0


 




6


1,3
122


1,5
142


1,7
161


1,9
185


2,1
204


2,5
239


м3/мин
кг/час




8


2,2
213


2,5
243


2,9
275


3,3
305


3,6
336


4,2
409


м3/мин
кг/час




10


3,0
303


3,6
348


4,0
393


4,6
436


5,0
478


5,6
545


м3/мин
кг/час




12


4,9
488


5,7
562


6,6
626


73
643


8,1
715


8,9
900


м3/мин
кг/час




          </description> 
        </offer>
<offer type="vendor.model" available="true" id="290820798357" >       
        <url>https://kurs-peskostrui.ru/collection/peskostruynye-apparaty/product/peskostruynyy-apparat-pst-200-Kurs</url>
        <price>93420.00</price>
        <currencyId>RUB</currencyId>
        <categoryId>20749683</categoryId> 
        <picture>https://static.insales-cdn.com/images/products/1/2484/530885044/large_200_л.png</picture>
<picture>https://static.insales-cdn.com/images/products/1/1537/532825601/large_apparat_200.png</picture>
<picture>https://static.insales-cdn.com/images/products/1/6367/533166303/large_apparat_200_filtr.png</picture>
<picture>https://static.insales-cdn.com/images/products/1/5703/533173831/large_peskostruynaya-ustanovka-122.jpg</picture>
<picture>https://static.insales-cdn.com/images/products/1/5915/533174043/large_peskostruynaya-ustanovka-148.jpg</picture>
                      
        <store>false</store>
        <pickup>true</pickup>
        <delivery>true</delivery>
        <vendor>PST</vendor>
        <model>Пескоструйный аппарат PST-200</model>
        <description>Купить пескоструйный аппарат PST 200 л Профессиональный подбор пескоструйных установок и комплектующих. Собственное производство.  Доставка по России, СНГ, ЕАЭС. Российский аналог Contracor, DBS, Razor, DSG, DSMG, АСО, Clemco, Zitrek.
            Применение
Напорный пескоструйный аппарат PST-200 по назначению и параметрам аналогичен абразивоструйным установкам брендов Contracor, DBS, Razor, DSG, DSMG, АСО, Clemco, Zitrek. Установки PST применяются для пескоструйной очистки с высокой скоростью, воздушно-пескоструйным способом внутренних и наружных поверхностей деталей, фасадов, стен. Пескоструйные установки незаменимы, когда нужно обезжирить поверхность перед последующим покрытием, убрать с обрабатываемой поверхности устаревшие загрязнения, ржавчину, оксидную окалину, прокатную окалину, шлак после дуговой сварки, остатки краски, нагар, солевые отложения, строительные смеси и битум.В зависимости от технической задачи выбирают различную фракцию абразива, чтобы путем обработки поверхности пескоструйным оборудованием достичь требуемый результат: глянцевость, матовость, шероховатость.
После пескоструйной обработки очищаются самые мелкие поры и трещины, однако при этом пескоструй не оставляет царапин, которые могут оставаться после применения щеток и наждачной бумаги. Подготовленная с помощью пескоструя поверхность дольше удерживает краску, грунтовку, а сам декоративный слой выглядит качественнее и эффектнее, чего нельзя достичь никаким другим инструментом для обработки поверхности.
Температурные условия

Сосуд под давлением: в установке рабочая температура от 40 до  40C.
Расчетная температура стенки сосуда до  100C.
Рекомендуемая температура работы установки от  1 до  40C.

Абразив
С нашими аппаратами могут использоваться любые виды абразива фракцией от 0,3 до 4,0 мм: песок, купершлак, никельшлак, электрокорунд, дробь стальная, чугунная, стеклянная и т. д. Важно, чтобы абразив был сухой, сыпучий, просеянный.
Дозаторы
С пескоструйными бочками в начальной комплектации, с фильтром и с КПДУ мы рекомендуем использовать дозаторы для практичного дозирования расхода абразива двух типов:

Шиберный затвор для песчаных абразивов электрокорунда, песка, купершлака и т. д..
Универсальный затвор можно использовать с абсолютно любыми абразивами, рекомендуется для дроби чугунной стальной и др. 

Расход абразивного материала и воздуха
Расход абразива и воздуха зависит от диаметра пескоструйного сопла и давления воздуха в форсунке. Данное соответствие представлено в таблице ниже.




Диаметрсопла


Давление воздуха, кгс/см2




 


3,5


4,2


5,0


5,6


6,3


7,0


 




6


1,3
122


1,5
142


1,7
161


1,9
185


2,1
204


2,5
239


м3/мин
кг/час




8


2,2
213


2,5
243


2,9
275


3,3
305


3,6
336


4,2
409


м3/мин
кг/час




10


3,0
303


3,6
348


4,0
393


4,6
436


5,0
478


5,6
545


м3/мин
кг/час




12


4,9
488


5,7
562


6,6
626


73
643


8,1
715


8,9
900


м3/мин
кг/час




          </description> 
        </offer>
<offer type="vendor.model" available="true" id="290820810176" >       
        <url>https://kurs-peskostrui.ru/collection/peskostruynye-apparaty/product/peskostruynyy-apparat-pst-250-Kurs</url>
        <price>99788.00</price>
        <currencyId>RUB</currencyId>
        <categoryId>20749683</categoryId> 
        <picture>https://static.insales-cdn.com/images/products/1/2540/530885100/large_250_л.png</picture>
<picture>https://static.insales-cdn.com/images/products/1/101/533250149/large_apparat_250.png</picture>
<picture>https://static.insales-cdn.com/images/products/1/1636/533243492/large_apparat_250_filtr.png</picture>
<picture>https://static.insales-cdn.com/images/products/1/6894/533240558/large_KPDU_Kurs_24.jpg</picture>
<picture>https://static.insales-cdn.com/images/products/1/57/533241913/large_peskostruynii-apparat-napornyi-250-138.jpg</picture>
                      
        <store>false</store>
        <pickup>true</pickup>
        <delivery>true</delivery>
        <vendor>PST</vendor>
        <model>Пескоструйный аппарат PST-250</model>
        <description>Пескоструйный аппарат PST 250 литров  Профессиональный подбор пескоструйных установок и комплектующих. Собственное производство.  Доставка по России, СНГ, ЕАЭС. Российский аналог аппаратам Contracor, DBS, Razor, DSG, DSMG, АСО, Clemco, Zitrek.
            Применение
Напорный пескоструйный аппарат PST-250 по назначению и параметрам аналогичен абразивоструйным установкам брендов Contracor, DBS, Razor, DSG, DSMG, АСО, Clemco, Zitrek. Установки PST применяются для пескоструйной очистки с высокой скоростью, воздушно-пескоструйным способом внутренних и наружных поверхностей деталей, фасадов, стен. Пескоструйные установки незаменимы, когда нужно обезжирить поверхность перед последующим покрытием, убрать с обрабатываемой поверхности устаревшие загрязнения, ржавчину, оксидную окалину, прокатную окалину, шлак после дуговой сварки, остатки краски, нагар, солевые отложения, строительные смеси и битум.В зависимости от технической задачи выбирают различную фракцию абразива, чтобы путем обработки поверхности пескоструйным оборудованием достичь требуемый результат: глянцевость, матовость, шероховатость.
После пескоструйной обработки очищаются самые мелкие поры и трещины, однако при этом пескоструй не оставляет царапин, которые могут оставаться после применения щеток и наждачной бумаги. Подготовленная с помощью пескоструя поверхность дольше удерживает краску, грунтовку, а сам декоративный слой выглядит качественнее и эффектнее, чего нельзя достичь никаким другим инструментом для обработки поверхности.
Температурные условия

Сосуд под давлением: в установке рабочая температура от 40 до  40C.
Расчетная температура стенки сосуда до  100C.
Рекомендуемая температура работы установки от  1 до  40C.

Абразив
С нашими аппаратами могут использоваться любые виды абразива фракцией от 0,3 до 4,0 мм: песок, купершлак, никельшлак, электрокорунд, дробь стальная, чугунная, стеклянная и т. д. Важно, чтобы абразив был сухой, сыпучий, просеянный.
Дозаторы
С пескоструйными бочками в начальной комплектации, с фильтром и с КПДУ мы рекомендуем использовать дозаторы для практичного дозирования расхода абразива двух типов:

Шиберный затвор для песчаных абразивов электрокорунда, песка, купершлака и т. д..
Универсальный затвор можно использовать с абсолютно любыми абразивами, рекомендуется для дроби чугунной стальной и др. 

Расход абразивного материала и воздуха
Расход абразива и воздуха зависит от диаметра пескоструйного сопла и давления воздуха в форсунке. Данное соответствие представлено в таблице ниже.




Диаметрсопла


Давление воздуха, кгс/см2




 


3,5


4,2


5,0


5,6


6,3


7,0


 




6


1,3
122


1,5
142


1,7
161


1,9
185


2,1
204


2,5
239


м3/мин
кг/час




8


2,2
213


2,5
243


2,9
275


3,3
305


3,6
336


4,2
409


м3/мин
кг/час




10


3,0
303


3,6
348


4,0
393


4,6
436


5,0
478


5,6
545


м3/мин
кг/час




12


4,9
488


5,7
562


6,6
626


73
643


8,1
715


8,9
900


м3/мин
кг/час




          </description> 
        </offer>
<offer type="vendor.model" available="true" id="290820828695" >       
        <url>https://kurs-peskostrui.ru/collection/peskostruynye-apparaty/product/peskostruynyy-apparat-pst-premium-Kurs</url>
        <price>166010.00</price>
        <currencyId>RUB</currencyId>
        <categoryId>20749683</categoryId> 
        <picture>https://static.insales-cdn.com/images/products/1/1134/595420270/large_premium-100.jpg</picture>
<picture>https://static.insales-cdn.com/images/products/1/1482/534160842/large_premium-100_komp.png</picture>
<picture>https://static.insales-cdn.com/images/products/1/1512/534160872/large_premium-100__2_.png</picture>
<picture>https://static.insales-cdn.com/images/products/1/6221/530929741/large_premium-ustanovka-pst-100-16.jpg</picture>
<picture>https://static.insales-cdn.com/images/products/1/6245/530929765/large_premium-ustanovka-pst-100-12.jpg</picture>
                      
        <store>false</store>
        <pickup>true</pickup>
        <delivery>true</delivery>
        <vendor>PST</vendor>
        <model>Пескоструйный аппарат PST-PREMIUM</model>
        <description>Пескоструйный аппарат PST PREMIUM с комплектующими и пневмозатвором Профессиональный подбор пескоструйных установок и комплектующих. Собственное производство.  Доставка по России, СНГ, ЕАЭС. Российский аналог аппаратам Contracor, DBS, Razor, DSG, DSMG, АСО, Clemco, Zitrek.
            Пневмоуправляемый затвор
Основным отличием комплектации пескоструйного аппарата Premium от стандартной является наличие в ней системы дистанционного управления с пневмоуправляемым затвором. Он обеспечивает мгновенное срабатывание системы дистанционного управления и одновременно с тем равномерную подачу абразива, поэтому при включении клавиши ДУ на рукаве резкого выброса абразивной смеси не происходит. Пневмоуправляемый затвор  идеальное решение для совместной работы с системой сбора и рекуперации абразива СОВ.
Фильтр
Взвеси частиц воды, масла и других загрязнений значительно снижают качество абразивной смеси, комкуют ее, а это, в свою очередь, приводит к ухудшению производительности и качества пескоструйной обработки. Фильтр защищает пневматическую систему от влаги и масла, которые могут попасть в сжатый воздух от компрессора.
Сдвоенный рукав
Сдвоенный шланг twin выполняет задачу управления клапаном дистанционного управления посредством клавиши включения/выключения.
Применение
Напорный пескоструйный аппарат PST-75 арт. 000100008-2, PST-100 арт. 000100008-3, PST-160 арт. 000100008-4, PST-200 арт. 000100008-5 Premium  и по назначению и параметрам аналогичен абразивоструйным установкам брендов Contracor, DBS, Razor, DSG, DSMG, АСО, Clemco, Zitrek. Установки PST применяются для пескоструйной очистки с высокой скоростью, воздушно-пескоструйным способом внутренних и наружных поверхностей деталей, фасадов, стен. Пескоструйные установки незаменимы, когда нужно обезжирить поверхность перед последующим покрытием, убрать с обрабатываемой поверхности устаревшие загрязнения, ржавчину, оксидную окалину, прокатную окалину, шлак после дуговой сварки, остатки краски, нагар, солевые отложения, строительные смеси и битум.В зависимости от технической задачи выбирают различную фракцию абразива, чтобы путем обработки поверхности пескоструйным оборудованием достичь требуемый результат: глянцевость, матовость, шероховатость.
После пескоструйной обработки очищаются самые мелкие поры и трещины, однако при этом пескоструй не оставляет царапин, которые могут оставаться после применения щеток и наждачной бумаги. Подготовленная с помощью пескоструя поверхность дольше удерживает краску, грунтовку, а сам декоративный слой выглядит качественнее и эффектнее, чего нельзя достичь никаким другим инструментом для обработки поверхности.
Температурные условия

Сосуд под давлением: в установке рабочая температура от 40 до  40C.
Расчетная температура стенки сосуда до  100C.
Рекомендуемая температура работы установки от  1 до  40C.

Абразив
С нашими аппаратами могут использоваться любые виды абразива фракцией от 0,3 до 4,0 мм: песок, купершлак, никельшлак, электрокорунд, дробь стальная, чугунная, стеклянная и т. д. Важно, чтобы абразив был сухой, сыпучий, просеянный.
Расход абразивного материала и воздуха
Расход абразива и воздуха зависит от диаметра пескоструйного сопла и давления воздуха в форсунке. Данное соответствие представлено в таблице ниже.




Диаметрсопла


Давление воздуха, кгс/см2




 


3,5


4,2


5,0


5,6


6,3


7,0


 




6


1,3
122


1,5
142


1,7
161


1,9
185


2,1
204


2,5
239


м3/мин
кг/час




8


2,2
213


2,5
243


2,9
275


3,3
305


3,6
336


4,2
409


м3/мин
кг/час




10


3,0
303


3,6
348


4,0
393


4,6
436


5,0
478


5,6
545


м3/мин
кг/час




12


4,9
488


5,7
562


6,6
626


73
643


8,1
715


8,9
900


м3/мин
кг/час




          </description> 
        </offer>
<offer type="vendor.model" available="true" id="284046969866" >       
        <url>https://kurs-peskostrui.ru/collection/peskostruynye-apparaty/product/peskostruynyy-apparat-pst-im-30-Kurs</url>
        <price>15730.00</price>
        <currencyId>RUB</currencyId>
        <categoryId>20749683</categoryId> 
        <picture>https://static.insales-cdn.com/images/products/1/4533/559600053/large_peskostruynyi-apparat-30-i-m.png</picture>
<picture>https://static.insales-cdn.com/images/products/1/1812/537929492/large_peskostruynaya-ustanovka-106.jpg</picture>
<picture>https://static.insales-cdn.com/images/products/1/1813/537929493/large_peskostruynaya-ustanovka-108.jpg</picture>
<picture>https://static.insales-cdn.com/images/products/1/5753/528143993/large_apparat_30.png</picture>
<picture>https://static.insales-cdn.com/images/products/1/6905/564083449/large_peskostruynaya-ustanovka-117.jpg</picture>
                      
        <store>false</store>
        <pickup>true</pickup>
        <delivery>true</delivery>
        <vendor>PST</vendor>
        <model>Пескоструйный аппарат PST-ИМ-30</model>
        <description>Пескоструйный аппарат PST 30 литров.  Профессиональный подбор пескоструйных установок и комплектующих в  интернет-магазине Курс.  Доставка по России, СНГ, ЕАЭС. Собственное производство. Подходит для бытового применения и даже обработки авто-, мотодеталей.
            Применение
Инжекторный пескоструйный аппарат PST-30 арт. 000100001 по назначению и параметрам аналогичен абразивоструйным установкам брендов Contracor, DBS, Razor, DSG, DSMG, АСО, Clemco, Zitrek. Установки PST применяются для пескоструйной очистки с высокой скоростью, воздушно-пескоструйным способом внутренних и наружных поверхностей деталей, фасадов, стен. Пескоструйные установки незаменимы, когда нужно обезжирить поверхность перед последующим покрытием, убрать с обрабатываемой поверхности устаревшие загрязнения, ржавчину, оксидную окалину, прокатную окалину, шлак после дуговой сварки, остатки краски, нагар, солевые отложения, строительные смеси и битум.В зависимости от технической задачи выбирают различную фракцию абразива, чтобы путем обработки поверхности пескоструйным оборудованием достичь требуемый результат: матовость, шероховатость.
После пескоструйной обработки очищаются самые мелкие поры и трещины, однако при этом пескоструй не оставляет царапин, которые могут оставаться после применения щеток и наждачной бумаги. Подготовленная с помощью пескоструя поверхность дольше удерживает краску, грунтовку, а сам декоративный слой выглядит качественнее и эффектнее, чего нельзя достичь никаким другим инструментом для обработки поверхности. Этим небольшим аппаратом за один час можно, например, очистить 0,5-3 м кв. бетонных, каменных, деревянных, металлических, кирпичных поверхностей от любого вида старых покрытий и загрязнений краски, матирования, въевшегося жира, накипи, расплавленной изоляции, клея и пр..
Температурные условия

Сосуд под давлением: в установке рабочая температура от 40 до  40C.
Расчетная температура стенки сосуда до  100C.
Рекомендуемая температура работы установки от  1 до  40C.

Абразив
С нашими аппаратами могут использоваться любые виды абразива фракцией от 0,3 до 4,0 мм: песок, купершлак, никельшлак, электрокорунд, дробь стальная, чугунная, стеклянная и т. д. Важно, чтобы абразив был сухой, сыпучий, просеянный.
          </description> 
        </offer>
<offer type="vendor.model" available="true" id="317606297510" >       
        <url>https://kurs-peskostrui.ru/collection/peskostruynye-apparaty/product/bespylevoy-peskostruynyy-apparat-ps-20-df</url>
        <price>750000.00</price>
        <currencyId>RUB</currencyId>
        <categoryId>20749683</categoryId> 
        <picture>https://static.insales-cdn.com/images/products/1/4149/581832757/large_bespylevoj-peskostrujnyj-apparat-PS-20-DF-kurs.jpg</picture>
<picture>https://static.insales-cdn.com/images/products/1/1897/605734761/large_bezpiliwoi-apparat-pst__1_.jpg</picture>
<picture>https://static.insales-cdn.com/images/products/1/1914/605734778/large_bezpiliwoi-apparat-pst__3_.jpg</picture>
<picture>https://static.insales-cdn.com/images/products/1/348/581845340/large_bespylevoj-peskostrujnyj-apparat-PS-20-DF-kurs-2.jpg</picture>
                      
        <store>false</store>
        <pickup>true</pickup>
        <delivery>true</delivery>
        <vendor>PST</vendor>
        <model>Беспылевой пескоструйный аппарат PS 20-DF</model>
        <description>Пескоструйный аппарат для беспылевой очистки PS 20-DF  Пескоструйное оборудование от производителя  Доставка по РФ, СНГ, ЕАЭС. Описание, характеристики,
            Подготовленная с помощью пескоструя поверхность становится гладкой, чистой, на ней дольше держится краска. Ни один инструмент не может очистить поверхность так качественно, как пескоструй, после пескоструйной обработки очищаются самые мелкие поры и трещины. Преимуществом этого вида обработки является отсутствие после чистки царапин, которые могут оставаться после применения щеток и наждачной бумаги. С металлической поверхностью, обработанной пескоструем, намного лучше сцепляется грунтовка, что повышает качество окрашивания.
Для работы используется стальной высококремнистый песок, электрокорунд, карбид кремния, стальная или чугунная дробь фракцией до 1 мм. Точный размер максимально возможной фракции зависит от удельного веса и формы зерна абразива и должен быть определен пользователем в результате практического тестирования.
Артикул: арт. 000100008-7
          </description> 
        </offer>
<offer type="vendor.model" available="true" id="293011471590" >       
        <url>https://kurs-peskostrui.ru/collection/peskostruynye-apparaty/product/uzel-universalnyy-v-sbore-du-32-dlya-peskostruynogo-apparata-pst</url>
        <price>1900.00</price>
        <currencyId>RUB</currencyId>
        <categoryId>20749683</categoryId> 
        <picture>https://static.insales-cdn.com/images/products/1/7974/609419046/large_koleso-zapasnoe-dlya_peskostrujnogo-apparata-pst-kurs.jpg</picture>
<picture>https://static.insales-cdn.com/images/products/1/8009/609419081/large_koleso-zapasnoe-dlya_peskostrujnogo-apparata-pst-kurs-2.jpg</picture>
<picture>https://static.insales-cdn.com/images/products/1/2391/550095191/large_koleso-250-1.jpg</picture>
<picture>https://static.insales-cdn.com/images/products/1/2392/550095192/large_koleso-250-3.jpg</picture>
<picture>https://static.insales-cdn.com/images/products/1/2393/550095193/large_koleso-250-6.jpg</picture>
                      
        <store>false</store>
        <pickup>true</pickup>
        <delivery>true</delivery>
        <vendor>PST</vendor>
        <model>Колесо для пескоструйного аппарата PST</model>
        <description>Колесо для пескоструйного аппарата PST 25, 75, 100, 160, 200, 250 л.  Колесо запасное для передвижной абразивной установки обрезиненное. Все комплектующие для пескоструйного оборудования в проверенном и надежном интернет-магазине Курс.  Доставка по всей России, в страны СНГ и ЕАЭС.
            Опорное колесо обрезиненное, неразборное со стальным диском для перемещения пескоструйных аппаратов. На пескоструйную установку устанавливаются два колеса, заменены они могут быть по мере изнашивания или выхода из строя.



Размер колеса
Соответствие аппарату


D 250Артикул: арт. 000600033-1
PST-25, PST-75, PST-100


D 350Артикул: арт. 000600033-2
PST-160, PST-200, PST-250



          </description> 
        </offer>
<offer type="vendor.model" available="true" id="307775844780" >       
        <url>https://kurs-peskostrui.ru/collection/peskostruynye-apparaty/product/sito-dlya-peskostruynogo-apparata-pst</url>
        <price>3290.00</price>
        <currencyId>RUB</currencyId>
        <categoryId>20749683</categoryId> 
        <picture>https://static.insales-cdn.com/images/products/1/6187/611072043/large_sito-peskostrujnyj-apparat-pst-kurs.jpg</picture>
<picture>https://static.insales-cdn.com/images/products/1/7595/611073451/large_sito-19.jpg</picture>
<picture>https://static.insales-cdn.com/images/products/1/7730/611081778/large_sito-9.jpg</picture>
<picture>https://static.insales-cdn.com/images/products/1/7642/611073498/large_sito-1.jpg</picture>
<picture>https://static.insales-cdn.com/images/products/1/7609/611081657/large_sito-7.jpg</picture>
                      
        <store>false</store>
        <pickup>true</pickup>
        <delivery>true</delivery>
        <vendor>PST</vendor>
        <model>Сито для пескоструйного аппарата PST</model>
        <description>Сито металлическое в пескоструйный аппарат PST для загрузки абразива. Профессиональный подбор пескоструйных установок и комплектующих. Собственное производство.  Доставка по России, СНГ, ЕАЭС.
            Сито металлическое для пескоструйного аппарата PST. В каталоге интернет-магазина Курс Пескоструй представлены сита для абразивоструйных аппаратов объемом 25 л, 75 л, 100 л, 160 л, 200 л, 250 л.
Артикул сита для аппарата 25 л: арт. 000400001Артикул сита для аппарата 75 л, 100 л: арт. 000400002Артикул сита для аппарата 160 л, 200 л, 250 л: арт. 000400003
          </description> 
        </offer>
<offer type="vendor.model" available="true" id="338897894985" >       
        <url>https://kurs-peskostrui.ru/collection/peskostruynye-apparaty/product/kryshka-dlya-peskostruynogo-apparata-pst</url>
        <price>3640.00</price>
        <currencyId>RUB</currencyId>
        <categoryId>20749683</categoryId> 
        <picture>https://static.insales-cdn.com/images/products/1/5019/628429723/large_kryshka-peskostrujnogo-apparata-pst-kurs-1.jpg</picture>
<picture>https://static.insales-cdn.com/images/products/1/4112/628428816/large_peskostruynaya-ustanovka-21.jpg</picture>
<picture>https://static.insales-cdn.com/images/products/1/1926/628426630/large_pst-100-peskostruynaya-ustanovka-109.jpg</picture>
<picture>https://static.insales-cdn.com/images/products/1/1996/628426700/large_pst-100-peskostruynaya-ustanovka-281.jpg</picture>
<picture>https://static.insales-cdn.com/images/products/1/2026/628426730/large_peskostruynaya-ustanovka-29.jpg</picture>
                      
        <store>false</store>
        <pickup>true</pickup>
        <delivery>true</delivery>
        <vendor>PST</vendor>
        <model>Крышка для пескоструйного аппарата PSТ</model>
        <description>Крышка металлическая для пескоструйного аппарата PST. Профессиональный подбор пескоструйных установок и комплектующих. Собственное производство.  Доставка по России, СНГ, ЕАЭС.
            Крышка металлическая для пескоструйного аппарата PST. В каталоге интернет-магазина Курс Пескоструй представлены крышки для абразивоструйных аппаратов объемом 25 л, 75 л, 100 л, 160 л, 200 л, 250 л.
Артикул крышки для аппарата 25 л: арт. 000600037-3Артикул крышки для аппарата 75 л, 100 л: арт. 000600037-4Артикул крышки для аппарата 160 л, 200 л, 250 л: арт. 000600037-5
          </description> 
        </offer>
 
            </offers>
            <promos> </promos>
        </shop>
    </yml_catalog>                         
    